wallet,amount
EQBOwglqtTZtZ9e-XhFxIyBEASfUWai8H8hr62k9DcxI8tUf,4352.968473431424
EQBogILa4wEWNnbBOtXRpgdVIZV74LVol-lQa-qgBE6CUnPR,4312.475743446015
EQAnj8hgilvKUymzPXk1Xfv8eFdWSlZ45ComBfd5Kr-vGr-q,3845.3206453055295
EQAG5OHGqpt4EhwZpVGt8i7XcGZENRUz-WIwXtLtlGn4Fljo,3803.636952673491
EQBWV8MbziH6H6RYd60L5cRgCHm0BY1gPhmXISdSIu0iTRei,3543.1138737232523
EQAQz4UzCJPkk89uHPRAnbnih4t7_7Fxl7zKt4BrhLpEui8R,3036.954748905645
EQDFzBSXoQ2NFopNwL3uHe5BwT99p3uFDq-Tb-hPgkSblyv1,3126.2769474028696
EQCgYtUdzPUXpEPiuUJ-JVqL_Ec1htq6gCUkz_ue8tfs4WtZ,2804.1215514895457
EQB7Dc8D7ad7CPX_1C3vglyxgm6qoDqsE1Ph1Bsavx0HJrdj,2480.1797116062767
EQC3kOrRczDcFqhgyX1syCOMnKR68cwzao3a2ZC8aHVpBrEd,2429.5637991245158
EQCUUfn_gySbUzEAn45mkq1kbpaYa7nb5B2ouAPJPKUfLfpy,2277.7160616792335
EQCFBaCdPYEnNVrk9BcplNWGzxXxd2JSOTKDFm4pU0Pmx3lG,2282.182171604095
EQBajJdq3zLjhAYMVFvl1kA5pIw3blqrhi5BdRIlg2X01QFI,2034.5611879923438
EQANbKVxRIZwy8Kf19RPlACOeqM3rsKTqX2N7nlwVyfPoU5Y,2044.882864263134
EQCB7Mx3kKiPWBXpnUs5i4-nxaNTP0qlOr1MoHYJX9xMO8Pa,2084.184631601913
EQBsQ9AKRlY7u3MnOiHkNL1AYRrJJnNUq8F8T5Y0OEudnqpq,1923.4046743069084
EQAJIV7DJFgEv1OJD3bQ_axSpQLBZ76qfctG47cc8iGNhXnf,1836.0674135540662
EQDn8ZuEEjbAuGVLQtcSmHE2YHVWXKv6ch3pGEwm0npmY7ZE,1875.7661684417217
EQDUE7hs4Z0jacVrj8hMcy0pinHDa6YlhB3TZSnTa9BG5Eqz,1720.9410243798654
EQD2MT7nn8OL3Qtmt2_mKWALTdOYYI511UIVTCHdfRoKWTuW,1518.4773744528225
EQDPBCuiCoiYaSyLQ6ouwxgqHMEr1WR4pV5B0eVpi52sMG0G,1488.7033082870807
EQAyTkKFK-PSqBq-6uGz1-u6Y3g8lfvuOUdvWsdV4ECVMoF5,1563.1384737014348
EQCX0M7_pQrL7e2jnVYZnXWpJzCK_Z4ryYCWU1qT9I6jdIas,1437.491914482005
EQCoQ2YseNWYKiUCr87xVg13Lhsh17bU6Fai6pTzQb7kD1RH,1407.1223669929486
EQC8qATRu2c6tAwySLRpBjtn9YTe9oPnkjKQd96nDD9IW1wF,1158.476758517547
EQD9EJCF68OtsXZC8AGlWyFJKOlf9Ua22JDOxBPhrVKfbSUK,1093.303709606032
EQBFaIt1Hc21ToFpJEDMP1GatwQMU-HM__IqW98ktIWYyHK_,998.6108969418557
EQBmDEHVy9gMOkOaC2Q2f56j3DKDCxeiBnIXCJaDm8fhSMFF,1012.3182496352149
EQBFIaHVibFczHLxkfzKCNtVUXGyvX_TkU0QjUzr2NY2af7p,992.4688721913872
EQA5FbFYletFJvF7dtzVkBRdwfzFyuv7Uf0Yo97KGLn4PHun,992.4688721913872
EQDmnsnvaNU7D3fbzLHk3nCQf2vOTu0KczQQHx8IxooR1KkV,992.4688721913872
EQABZWfSBk2auQAXFe9qZZ26DoyOttVyBQJ5_XDt5EtC_DD7,971.8255196498063
EQBPemh33gvV5br8iR1j9YIdpwqQeB5xD2sz4Pz3-_ZAIgBH,989.9877000109087
EQCHJxVv2K_aFRBOyJBwOvp-2wWdSYL6uPlnqcf4vDKlUMA-,893.2219849722485
EQC6-_thVqsKNh-f9bxOzq-laxSvAYmqwx5p60vhqhk2LS_l,900.9632421753413
EQAfRPJ-e6i3yLtj_dVrtMil0R7xRQgAJzcS9NDF_kvbG0xm,843.598541362679
EQDaXa4CZvjD1Dgx0cMiNpPZKdA66MjXTiytgNHNOQKh4qXZ,860.4705121899327
EQCXwZDxEWtYL4Mj90NI-RP81ZYr5hjSPqMsk-0o66yZBdwJ,759.2386872264112
EQBTagUfWbwnNzlaJk_ye0MgpWRPnHm5P88BqO7TWxeAyb_X,645.1047669244017
EQDEgSmNUgojjH-kkY5YTOcTEHWtGzKUnnYuHCP5I8XqYtNV,658.0068622628897
EQDLQIafeRGXJTCKyQbmP_wKx-DlViUpfun-t4I78o5bzRbS,607.3909497811289
EQB4GHUe-icvNbYoyRHjH-DB1JVVxokZAIkh00VyPLJZARqQ,585.5566345929184
EQDUieZknel3pDFBMXXOsQQW63KF-r_VfGcYiWE8CslZR57w,604.4135431645549
EQDNH5E_7Nt9B0cgqi8x2nLeOK6NukFbmlzYfMR35UU6xAfO,556.7750372993683
EQD6z5jDQn6gnmRMbkuAbaWka8b9fT946tS7_uPJvwI92Z-S,536.5286723066639
EQC-xO0o2KhZeOdTr4O68sU8Tt_K1YLB3XO1vQUOqZJgV8e-,506.15912481760745
EQDzL8Hc8Vg6ZWrx3yc7ePoBHfLn7gU16w860ukRZGCECLaL,506.15912481760745
EQCCuogdwePP8qBT4JBwFSuUNJMKJl8c2EqlOFkWvICXqBog,506.15912481760745
EQD4JRzEu0eosYlTMMfJHIZqvZmoxKYWZ4xJ-d8JcPzI3iLi,506.15912481760745
EQD7IwmXRI5jIxfphIpmUyn1GUrlNlKU6eiUEWmPSDUwBUxl,521.0461579004783
EQB18oXwDskS0f7SWAYBAWis-k6zli_G1qk4ZQJ3BR55ooYB,486.3097473737797
EQBPf1euTd73OUXmJDKKaZODWXsIqje2yHLjGjyCz97JY0tO,496.03594232125533
EQBjnXrZfaFjaIxsrnF_lydlq1xX0pMppyxQcvvyMdr8Spdy,456.5356812080381
EQDGwwCZ5P0k9wBM5Qs5HHawAd3VL-FXtKRC_j-uEbAlC_2w,446.61099248612425
EQDB4ogfS5OwZfAw6jvNnHHuEoAr6MYeGXGRb5Ph-VQAvm8J,452.50625758694105
EQCBfi8EQcb4zhkXPyWXF3OohR_3CZpHqJgZB8cc13gJkNVP,415.05048235043813
EQDMY5HfW4L5KKJ7-x_37i1NZZI8bbksQxz93yEJF4aW5n7v,414.3418595756935
EQDhAQQ5Y_h2C4CvpBP47cOWpiUVzgbU8pTHehlGpPcRvsC0,396.98754887655485
EQCKWG9kssJHFnAOzxv-Qub6r8R5zBF-gHoaXEF1zafjQmb2,396.98754887655485
EQDPI8v-kNrSz2JClENzaF-Yyv06rjf_RL5QHMrfwTCpWl7H,404.9272998540859
EQACndCIN_AMlh0a48di66HF-fxZDKepE25nl_n7HnuuebKG,404.9272998540859
EQC4ml7vCDi4wd0kj5YA9jD-_zS6uY9IAamG66l_b4-XwXEO,364.73231053033476
EQCHzMKalYRXMjvBrllHENtnT8JvhyJRggvJmOdlUWy_nEKb,320.56744571781803
EQC6C12aq90VvF2yc80yGab6-LOkDrqtGZDKeWYjSd3ccH8X,324.8529263079405
EQB3_G1MxvqqcUnjYJet9TRc3jNeX8U5i5zJRWogjM5MsSFe,313.81865738691664
EQCeQ8-seHZmGaW2RZTpK-VyzzzcaX1njjxiNk2VfcYvLy0_,297.7406616574161
EQCCMH4bvDX26XxauycbHGjj_0kTo7WLpmrYLgc3m9TC8e9J,297.7406616574161
EQCnJinTFmy6Q_7LSHr-QCz29SNoSt390agdiFsp2MQj57fh,303.69547489056447
EQCxMV0dPs8mJo2bovZ7g-zXdQ7i8f7FT80XJVmJVwIVfy_U,303.69547489056447
EQADwKMNek6G1rAiSjhxDo7GkZYdNz-C6eEiBhCGdtAzd5l8,277.8912842135884
EQD9FGuxAouogXxk1C9ft7yQyz6tgmyZ6jrPlOots7gCFs4F,273.325927401508
EQB_7TmcEg1O5T7iNJrxvfjK1MnhALE1B7v3ClRRrygdfc8C,248.1172180478468
EQCEqDr7tx766Dh5LBgGHXdDFBnPSHyn6YSUiRCpZc7W_O9m,212.06608787797586
EQCu9SbJgX2TuGGlbg0x5PWj8tqFHWdYTlfQdQs5ttNb8VyY,202.46364992704295
EQDpYvOGQmLMh7n0Vhs03HizMV2JUkYdB9sZ_ktj5DLf4Ua4,198.49377443827743
EQArAfyBlMj91UBwOC07vYYUwRYRhaBBOc_FDnlUJqaBjpOb,202.46364992704295
EQDwKlBmOIZRUCyjIMWeWSLxpjgGj0cuN36oB_Nidaw8TGgL,202.46364992704295
EQBvu-n6rI0uXklcO6-cr96ek9d3r92Z5RXMYeGDQMcM9dou,202.46364992704295
EQAFg2f122SW_nF3j2CvoJjnGLI0s1B75bgLBC5BVl3QV-cF,202.46364992704295
EQBtM-w7BUp_3nLzk84tFtjTq9ElSWIPfJa7-WJac51a8B6T,202.46364992704295
EQCxTPaCPh_M1ZhzeV-AIUh6gmD5SNJ-992mvmnn6v6qLCNs,202.46364992704295
EQCjG_IyrxaQakUZSxlr5Q4bPlrSAPfy_oGfoEScAxuG27ld,198.49377443827743
EQD2lX6oKtkGPC0RKbybHYGxSXfwLyPYfdn4uH2ulgUZxUkU,202.46364992704295
EQB0oUn2BZKeclDTUGxXHw01pw9gM5YRPhulBYg3J1UrqIXj,195.37742217959646
EQBqcdpS_EhMWaIVhz8SfqgxC8FA2A4eWZIqL5anVprFrfLf,192.34046743069084
EQA-50RnMsbYaS_pDjKPMxsB-98yHAuEPiE56v1ggCRGg2yO,191.3281491810556
EQAaCX1H0vaOCoran2WnhONJEpVnU53RE1WD8Yqnkem_aEuR,190.31583093142044
EQAoE0DTaJdlFuTtj9chVZQJE-qT0YQhGz5V9_Ytgmh8BU8x,186.77271705769718
EQA-zpVhah3RhDSS3KtW-vIUipDd1lGBnCYrWxRm_TyE6dfy,182.2172849343387
EQC-F6yYosB71d90hk5EU1_EmYJL3CiVhiYsjGVWtr9_fNfN,178.6443969944497
EQCBavDyAudREc6UJ0xPRwqkafMc7Q4RSF9j39QTOSpgmI4h,168.71970827253583
EQDjoBOlDkX7gNooLY6rjchlytfwCNinygaYXPrpkjLM4ivp,172.09410243798655
EQDpVUIFxESYgVilLWCvrnqffw8naGl6jNWoy8N5KZ5UfIEu,158.79501955062196
EQBEAN0e6jdNGgo47WNablXDbM_dGcbhmEHKCWxcmjbwUEN3,150.7650366478513
EQDdSoKpVoT0n5nIFrNd11BzfjsUzkIc84y1kgZIK1KDn2SW,151.84773744528223
EQB2CNLI0kg58BA1viM2BUxnJRUQ6S4_kxURZIGTcjlCSiwc,151.84773744528223
EQBYILVdhJdRJUVYDkjt5iPFvShRsax-IHW-NB1AYM1IOL_M,148.87033082870806
EQCBnFLYiFiyFiuZ32lZxOo9IDsMDOihtVKasbSIYRw-5B0v,151.84773744528223
EQAupJK-JGQ0EwTvO2nzqOgpoiyPCYeSR8KS1E9XF7h_Ub2g,151.84773744528223
EQDctVV4_mpShrcIcvSsc8aFjOpiTBwnumRO5QCH23SpKHdR,148.87033082870806
EQDdpA5Gkz58yGPMrPKNoKn2YnJWDdG2q0PqWF7l_x7XM3wp,148.87033082870806
EQChOqBd5Bk9Ap2WnL7UIVJ_oXNXVLeQ3hyc8LRlnAy8LA5Z,143.90798646775113
EQB_3hulslWqphpFNxLzND-JHtRf2Hiy6hMrGuXv3f52HOOK,145.77382794747095
EQBclBWHm9gnSzJELnOWCjGUvJyTGxf16l9r5Z1-eUFbRrKR,138.9456421067942
EQCjGxiP51dewkEvYiLki-J0mbWTO-tb0k6Ny-2ajfVzFopM,141.7245549489301
EQACDseLNtCSCYqc03qSlA2WZy8EKGhy9Gj9u11CSx86AhgI,138.9456421067942
EQB-Dhsnej9QJfVGEoufE1dRbCBVpL5_3mRvpOZBOuCop_r2,131.60137245257795
EQCoEr88dkg1qFQIbe9ydg_puXMMxa6Q-L4W3Dafzg09TgnI,131.60137245257795
EQBgFqGmjTI8Dqi7axFAw--26-2nRMQd-R_rnV-3iZdGMCFV,128.5644177036723
EQA_WCEKbTCWT_iWF86BAKfQ-IyUs0RjN04l61eJ3XvPx4Pa,111.35500745987365
EQCfahF3kCZDEY5Usjy97Jeq-76TkC6l-ApMEOVlQ3GV076l,109.1715759410526
EQBr0nOm0u4V1Ibn1sFrMCrIqdWWznizMFMQ9MIf1byHxo7t,114.63015473810522
EQA3a_uKRpyCguzRp2uVbBpDUwHWZIvLzAw-Zy2H_HHLCAV4,109.1715759410526
EQAO73tLfM-YJoHZJA1s54KcLQ_4T-fuFWJaaFWHhXpjB-0c,105.01669452831563
EQApk0NSJVKhW7hAjETnn7mtH2yT1rFsiSMz7GVhkkKpUNUC,100.23935609133011
EQDDv_7FjOOHR64FKEIgQgsm0HbdHEc6gSt0Mvdbk9G0kj8x,99.74312165523442
EQCfhCUVfFCp3v7yup0XZXuBvPvKATV41R8M2DjHERX4a45Y,101.23182496352148
EQCNiodJYooHQlkfL0Sl0ooeW5d4w-DBXT2S6sL4AyOIcjCt,101.23182496352148
EQCN8aSjg7ym8Fkb2gtCG7NNXwNxRqFFZSuirGaLbZZt3429,101.23182496352148
EQAwBEK4qSk0RccBZ09ysOcyjdEJN5V2H8jWaMA5ULb8qcAp,101.23182496352148
EQBo35itN-GMYMly_JR3jGLsNJn41SoMWRuZEANyxdvR3O-e,99.24688721913871
EQAWaI7J1_RE3CPJFeMuhSBJ-bUBDHQ4gdZwYULeirranIsW,99.24688721913871
EQA0iYRFXGB6Si9accPFO7Xqpx50xcjIrQCxDfXi9tN8Rnsv,99.24688721913871
EQB1UwM-VVkDPcMJgxcuB25xDgcVgldbCuwMy938kvuKxWt_,99.24688721913871
EQB3yg6A7E_gWsIwpmIpp-XtYDitxp8AY-bQU7Y0h6qmwlUV,101.23182496352148
EQDgAc-h9kTMlhNBzaRAjMLEznnn_cVvqO7eaXXdyw2GnR7Z,99.24688721913871
EQCuPCfJuIh5PeDuwAl80ovXie_XWhJh4Cfr7aS6f6SPxJB1,101.23182496352148
EQDRojxRT_qrbzH56_yM-YHhSV7w87mvgxE3fWgRunD_jNEO,99.24688721913871
EQBQgo7X6q8nPuMzIZmQY1P-jhi2x8OQ9nGiZwnZG-nQtlAo,101.23182496352148
EQDGHmciiWiQmK6smBdnukB4v5H6joZvr9fcC_j_LIDdNYXt,101.23182496352148
EQBfzkt6vFxpoVcPs1fHsiX5NfoQzE5FU8e-SQoIB_FJ9avJ,101.23182496352148
EQC3ifE2Pl2tWe_edpUEBPbrNwHbwBy4V07gay32-bvhsdO9,101.23182496352148
EQAPQ_77Tfih_0IJkXOJEMkd7i4WhufhU2DD-VhZdMyz2uSB,101.23182496352148
EQA_n5ntVtWZRWn0KJkKHMOvRzv74jjTaEkJbWwMaVcS5hac,101.23182496352148
EQBr_D0nHG8OOizMS4D28Ge_8ZIqRDx6GLsf9RgWZZ83EYM2,101.23182496352148
EQBMz_K_JSCxZBaYmhfOxK4ixca5oVSlc5ZvMulJBQRfXA7J,99.24688721913871
EQAxeYtF59315nDXOpZf1MBgC94B8hRUQQV_OqGyzI3TfBTW,101.23182496352148
EQALvC4TxCMiH5ocdiGJczOkuIt4idd2iQld9fKQdFVeuiJI,101.23182496352148
EQCqbZBv_oS_5JPczrlQDO_freoP-Mh6W1H6aJA_B45IlgyK,101.23182496352148
EQD1b_Msuakm-H6Ngi0QWJL9QxbHQgHTKKOTgvD5Rym16lzz,101.23182496352148
EQCXU2aPNhnDcmoQca6PfaBmc0k2CoQq8ZA3J4V3S-3Wse1A,101.23182496352148
EQDVort0GcG8yqcPFIH46MPlRxCCfBEVFyIN9L0TYm5l51rD,101.23182496352148
EQB64xwfbFE36DGtLXSCDnd_X_TbiGRWu7hwQ7W5nsnpBV_t,101.23182496352148
EQDUtKOrhAX4Ui_FsfRJSAvVzNKhRtdOp-HlXihgafGZjmUY,99.24688721913871
EQDJqHrABXVaS11K5IYc5ScVgbEDvqIuxx5P815plqxAkQP9,93.0586175294367
EQAghsK2SFGpVf_CiXYxUj1ktUcH_DGauPY1lpr1x0UjvkFE,91.10864246716935
EQCzgVF28iHoJOMZYjEn1Q6x9031Y59QOKEp_GGcOnXozkK_,91.10864246716935
EQDOtQ199Xq9_PDDvmkyM6ZfoeAnZDXMQXC0CBKCpvhXah59,79.39750977531098
EQBWdYFvd3ev2Zz9ICEHIFywOTMsNeHzehaaEG2iBQkAYKzj,73.67506189967709
EQBCy5LenfeeFuB9TXUW5jvcQFbBV5n3U4LWwDkaluGSiZWp,72.12492549607803
EQAxEl11xUAzTRwdEJ_wSGuatXiwejbZK41wv9-Nw9s0sNo0,70.86227747446505
EQC9U2miiKnsN3mpU6k6t946526XtfvVuQl5jA2Mpam3lwT5,64.51047669244016
EQAyxoGH35kr9T3uuUQieW_bnVVmUC-amtQ_VhqVKF7yx0mx,65.80068622628897
EQCRC1krLyAbZtLzaXb2Z0XufgFCfJmQ7K0JwEQ0DOzrhFVR,65.80068622628897
EQDB246gcor9sFW9SeKLwqj-rxioLu19nwI6wtovR6U8Kdtv,64.51047669244016
EQB38IpvWZIS4ri-XLlcvyiZrfH84um8p0-rHIFAx3asfzW7,59.54813233148323
EQDMtN3fLt4ZyDX-RCdCl0AbphXBC19WwnLNWm6ko-2T3mNS,60.739094978112895
EQDQf9GQC5mEEGUXabRsFlFsAFHAQt3RoCJcEOen4nL3GtcN,60.739094978112895
EQBD2vC3TJTdRLDOsv1x1nScT4dD0PKpzNAoVMQa9vDxTl_N,60.739094978112895
EQDIwgJXvyNNnhkfrrdMVYUAggXYXjR7KSvq5vmJTMXyrB7t,60.739094978112895
EQD2KtzIeZ3redHrHHupttrB5Ezips8052APfLPwlANaAxKi,57.563194587100455
EQBw1DJDu1zK5xOzrGnGpeAcFQdc2Y3jNyJa0ZZJ6PXQI-0v,55.677503729936824
EQDSfZUgiB_toDjWCBijS3hIHiOTpOHIcAvtD5QHrTIH5xze,53.65286723066639
EQAZnrUwp6omQqPVxdNVUF5PURV-CFXF_EYJBD4YNz4X4PFY,52.60085022614352
EQBDme8v4PUrPPHFJ9yy1_puVXwNCq8pW7MJ3gttLSwxYw2d,51.10050426551677
EQDi3qXDS4YSVBeVeAMFiunM4ZIJ4nPdm0uHs-Xpez8CnatR,49.62344360956936
EQAY7zuPfikgYb7At-q23l6U0NUu907r33R6W-Gx4fWnJO62,50.61591248176074
EQAHiNUvfmxOiF4-d-F0CMy-7-Oy7XwbFkwiE69h72hzRSm-,49.62344360956936
EQDNWbzDy64x9wOMzPPCQYJ3LoxRBPXW25JvxoCAYwWHz_8f,49.62344360956936
EQB05V-rqg-8wORKCmEzOSn1tMd8AZ1r5VYmVCyarkFsgCNV,50.61591248176074
EQD559lC-9xLL6Rx-WI0ejv5cGRH9UiWLlNKhEF_N4eGirDE,50.61591248176074
EQCnXLOjSvkeA6n186KwOuYOb_lDmRN3bBBT17trbzdQDFvI,50.61591248176074
EQCRDdna5XMpmTvDTCC6iT1hRoalYbPsr6_vnE8xilS1L97S,49.62344360956936
EQCfHTohUhsJWEI2OZT3FEMTD34dWD7C5GP9BK6nas5LMc20,49.62344360956936
EQD-cQQaTSyVzRr0on5GZGxhOYmkoJsxDDV1D1irdRibXZan,50.61591248176074
EQDjZMfv5VCHoqBgBCHIu-p4Lipc6qGEyRTtsrgwRr41b2H2,50.61591248176074
EQDEo1H3MEffrlVVlxsJiFuTCbGBoNDb_CH2As5cd7eqYI2B,49.62344360956936
EQCPzjCWGAruLmBKBbG5Xl-LDZSPLfujwHX3kjN2ZDN4oqJf,50.61591248176074
EQDi81dAb1N4mt3pMuQ4FdDv5a6Y3viU4g1TecCQr96zNo2H,49.62344360956936
EQCfs5nbTveZKU728JrsCaWt4CoZmrGGfUFfOwWE_vmeMriA,49.62344360956936
EQCllQSihGbeYMB-fPkCR88uPCGaJrbK_H8o71ZCL5tnYiW8,49.62344360956936
EQAHAuox6uNCUxBtmqUdCKMSVonFSf3d9WD485GSFhYHkyxR,49.62344360956936
EQDV0IjR-ZJoMXjge4kQiomW6TJyV7mGZdCHMcLkxfVdmjYl,49.62344360956936
EQDzGeOyKYlrOk2Hb0TIS7dHuE75Tytsz7ztp-rjTBszAHCU,49.62344360956936
EQA5DSmO0KNy2ywKRnUf6Byqs_Cj6Rqb2k9d2Nzdr48zSJXW,50.61591248176074
EQB2i0KKDTCziBOfXEjruU8iOycoqT4gUZznROnWlXlQMPMD,49.62344360956936
EQCY6YLuL7VjuOD697_-IErsK_plZ1DEksrakT81r0SsRuMi,49.62344360956936
EQBlXNG9piJsGLIX4UZ682mxffr4vxoEXx6oq-bEIiw6-N_T,50.61591248176074